,Title1,Title2,Title3,Title4,Title5,Title6,Title7,Title,O*NET-SOC Code
0,Accountant Auditor,,,,,,,Accountants and Auditors,13-2011.00
1,Actor,,,,,,,Actors,27-2011.00
2,Actuary,,,,,,,Actuaries,15-2011.00
3,Acupuncturist,,,,,,,Acupuncturists,29-1291.00
4,Acute Care Nurse,,,,,,,Acute Care Nurses,29-1141.01
5,Adapted Physical Education Specialist,,,,,,,Adapted Physical Education Specialists,25-2059.01
6,Adhesive Bonding Machine Operator Tender,,,,,,,Adhesive Bonding Machine Operators and Tenders,51-9191.00
7,Administrative Law Judge,Adjudicator,Hearing Officer,,,,,"Administrative Law Judges, Adjudicators, and Hearing Officers",23-1021.00
8,Administrative Services Manager,,,,,,,Administrative Services Managers,11-3012.00
9,Adult Basic Education,Adult Secondary Education,English as a Second Language Instructor,,,,,"Adult Basic Education, Adult Secondary Education, and English as a Second Language Instructors",25-3011.00
10,Advanced Practice Psychiatric Nurse,,,,,,,Advanced Practice Psychiatric Nurses,29-1141.02
11,Advertising Sales Agent,,,,,,,Advertising Sales Agents,41-3011.00
12,Advertising and Promotions Manager,,,,,,,Advertising and Promotions Managers,11-2011.00
13,Aerospace Engineering and Operations Technologist Technician,,,,,,,Aerospace Engineering and Operations Technologists and Technicians,17-3021.00
14,Aerospace Engineer,,,,,,,Aerospace Engineers,17-2011.00
15,Agent Business Managers of Artist,Performer,Athlete,,,,,"Agents and Business Managers of Artists, Performers, and Athletes",13-1011.00
16,Agricultural Engineer,,,,,,,Agricultural Engineers,17-2021.00
17,Agricultural Equipment Operator,,,,,,,Agricultural Equipment Operators,45-2091.00
18,Agricultural Inspector,,,,,,,Agricultural Inspectors,45-2011.00
19,Agricultural Sciences Teacher,Postsecondary,,,,,,"Agricultural Sciences Teachers, Postsecondary",25-1041.00
20,Agricultural Technician,,,,,,,Agricultural Technicians,19-4012.00
21,Air Traffic Controller,,,,,,,Air Traffic Controllers,53-2021.00
22,Aircraft Cargo Handling Supervisor,,,,,,,Aircraft Cargo Handling Supervisors,53-1041.00
23,Aircraft Mechanic Service Technician,,,,,,,Aircraft Mechanics and Service Technicians,49-3011.00
24,Aircraft Structure,Surface,Rigging,Systems Assembler,,,,"Aircraft Structure, Surfaces, Rigging, and Systems Assemblers",51-2011.00
25,Airfield Operations Specialist,,,,,,,Airfield Operations Specialists,53-2022.00
26,Airline Pilot,Copilot,Flight Engineer,,,,,"Airline Pilots, Copilots, and Flight Engineers",53-2011.00
27,Allergist Immunologist,,,,,,,Allergists and Immunologists,29-1229.01
28,Ambulance Driver Attendant,Except Emergency Medical Technician,,,,,,"Ambulance Drivers and Attendants, Except Emergency Medical Technicians",53-3011.00
29,Amusement and Recreation Attendant,,,,,,,Amusement and Recreation Attendants,39-3091.00
30,Anesthesiologist Assistant,,,,,,,Anesthesiologist Assistants,29-1071.01
31,Anesthesiologist,,,,,,,Anesthesiologists,29-1211.00
32,Animal Breeder,,,,,,,Animal Breeders,45-2021.00
33,Animal Caretaker,,,,,,,Animal Caretakers,39-2021.00
34,Animal Control Worker,,,,,,,Animal Control Workers,33-9011.00
35,Animal Scientist,,,,,,,Animal Scientists,19-1011.00
36,Animal Trainer,,,,,,,Animal Trainers,39-2011.00
37,Anthropologist Archeologist,,,,,,,Anthropologists and Archeologists,19-3091.00
38,Anthropology and Archeology Teacher,Postsecondary,,,,,,"Anthropology and Archeology Teachers, Postsecondary",25-1061.00
39,Appraiser Assessors of Real Estate,,,,,,,Appraisers and Assessors of Real Estate,13-2023.00
40,Arbitrator,Mediator,Conciliator,,,,,"Arbitrators, Mediators, and Conciliators",23-1022.00
41,Architect,Except Landscape and Naval,,,,,,"Architects, Except Landscape and Naval",17-1011.00
42,Architectural and Civil Drafter,,,,,,,Architectural and Civil Drafters,17-3011.00
43,Architectural and Engineering Manager,,,,,,,Architectural and Engineering Managers,11-9041.00
44,Architecture Teacher,Postsecondary,,,,,,"Architecture Teachers, Postsecondary",25-1031.00
45,Archivist,,,,,,,Archivists,25-4011.00
46,Area,Ethnic,Cultural Studies Teacher,Postsecondary,,,,"Area, Ethnic, and Cultural Studies Teachers, Postsecondary",25-1062.00
47,Art Director,,,,,,,Art Directors,27-1011.00
48,Art Therapist,,,,,,,Art Therapists,29-1129.01
49,Art,Drama,Music Teacher,Postsecondary,,,,"Art, Drama, and Music Teachers, Postsecondary",25-1121.00
50,Astronomer,,,,,,,Astronomers,19-2011.00
51,Athlete Sports Competitor,,,,,,,Athletes and Sports Competitors,27-2021.00
52,Athletic Trainer,,,,,,,Athletic Trainers,29-9091.00
53,Atmospheric and Space Scientist,,,,,,,Atmospheric and Space Scientists,19-2021.00
54,Atmospheric,Earth,Marine,Space Sciences Teacher,Postsecondary,,,"Atmospheric, Earth, Marine, and Space Sciences Teachers, Postsecondary",25-1051.00
55,Audio and Video Technician,,,,,,,Audio and Video Technicians,27-4011.00
56,Audiologist,,,,,,,Audiologists,29-1181.00
57,Audiovisual Equipment Installer Repairer,,,,,,,Audiovisual Equipment Installers and Repairers,49-2097.00
58,Automotive Body and Related Repairer,,,,,,,Automotive Body and Related Repairers,49-3021.00
59,Automotive Engineering Technician,,,,,,,Automotive Engineering Technicians,17-3027.01
60,Automotive Engineer,,,,,,,Automotive Engineers,17-2141.02
61,Automotive Glass Installer Repairer,,,,,,,Automotive Glass Installers and Repairers,49-3022.00
62,Automotive Service Technician Mechanic,,,,,,,Automotive Service Technicians and Mechanics,49-3023.00
63,Automotive and Watercraft Service Attendant,,,,,,,Automotive and Watercraft Service Attendants,53-6031.00
64,Aviation Inspector,,,,,,,Aviation Inspectors,53-6051.01
65,Avionics Technician,,,,,,,Avionics Technicians,49-2091.00
66,Baggage Porter Bellhop,,,,,,,Baggage Porters and Bellhops,39-6011.00
67,Bailiff,,,,,,,Bailiffs,33-3011.00
68,Baker,,,,,,,Bakers,51-3011.00
69,Barber,,,,,,,Barbers,39-5011.00
70,Barista,,,,,,,Baristas,35-3023.01
71,Bartender,,,,,,,Bartenders,35-3011.00
72,Bicycle Repairer,,,,,,,Bicycle Repairers,49-3091.00
73,Bill and Account Collector,,,,,,,Bill and Account Collectors,43-3011.00
74,Billing and Posting Clerk,,,,,,,Billing and Posting Clerks,43-3021.00
75,Biochemist Biophysicist,,,,,,,Biochemists and Biophysicists,19-1021.00
76,Bioengineer Biomedical Engineer,,,,,,,Bioengineers and Biomedical Engineers,17-2031.00
77,Biofuels Processing Technician,,,,,,,Biofuels Processing Technicians,51-8099.01
78,Biofuels Production Manager,,,,,,,Biofuels Production Managers,11-3051.03
79,Biofuels/Biodiesel Technology and Product Development Manager,,,,,,,Biofuels/Biodiesel Technology and Product Development Managers,11-9041.01
80,Bioinformatics Scientist,,,,,,,Bioinformatics Scientists,19-1029.01
81,Bioinformatics Technician,,,,,,,Bioinformatics Technicians,15-2099.01
82,Biological Science Teacher,Postsecondary,,,,,,"Biological Science Teachers, Postsecondary",25-1042.00
83,Biological Technician,,,,,,,Biological Technicians,19-4021.00
84,Biologist,,,,,,,Biologists,19-1029.04
85,Biomass Plant Technician,,,,,,,Biomass Plant Technicians,51-8013.03
86,Biomass Power Plant Manager,,,,,,,Biomass Power Plant Managers,11-3051.04
87,Biostatistician,,,,,,,Biostatisticians,15-2041.01
88,Boilermaker,,,,,,,Boilermakers,47-2011.00
89,Bookkeeping,Accounting,Auditing Clerk,,,,,"Bookkeeping, Accounting, and Auditing Clerks",43-3031.00
90,Brickmason Blockmason,,,,,,,Brickmasons and Blockmasons,47-2021.00
91,Bridge and Lock Tender,,,,,,,Bridge and Lock Tenders,53-6011.00
92,Broadcast Announcer Radio Disc Jockey,,,,,,,Broadcast Announcers and Radio Disc Jockeys,27-3011.00
93,Broadcast Technician,,,,,,,Broadcast Technicians,27-4012.00
94,Brokerage Clerk,,,,,,,Brokerage Clerks,43-4011.00
95,Brownfield Redevelopment Specialist Site Manager,,,,,,,Brownfield Redevelopment Specialists and Site Managers,11-9199.11
96,Budget Analyst,,,,,,,Budget Analysts,13-2031.00
97,Bus Driver,Transit and Intercity,,,,,,"Bus Drivers, Transit and Intercity",53-3052.00
98,Bu Truck Mechanic Diesel Engine Specialist,,,,,,,Bus and Truck Mechanics and Diesel Engine Specialists,49-3031.00
99,Business Continuity Planner,,,,,,,Business Continuity Planners,13-1199.04
100,Business Intelligence Analyst,,,,,,,Business Intelligence Analysts,15-2051.01
101,Business Teacher,Postsecondary,,,,,,"Business Teachers, Postsecondary",25-1011.00
102,Butcher Meat Cutter,,,,,,,Butchers and Meat Cutters,51-3021.00
103,Buyer Purchasing Agent,Farm Product,,,,,,"Buyers and Purchasing Agents, Farm Products",13-1021.00
104,Cabinetmaker Bench Carpenter,,,,,,,Cabinetmakers and Bench Carpenters,51-7011.00
105,Camera Operator,Television,Video,Film,,,,"Camera Operators, Television, Video, and Film",27-4031.00
106,Camera and Photographic Equipment Repairer,,,,,,,Camera and Photographic Equipment Repairers,49-9061.00
107,Captain,Mate,Pilots of Water Vessel,,,,,"Captains, Mates, and Pilots of Water Vessels",53-5021.00
108,Cardiovascular Technologist Technician,,,,,,,Cardiovascular Technologists and Technicians,29-2031.00
109,Career/Technical Education Teacher,Middle School,,,,,,"Career/Technical Education Teachers, Middle School",25-2023.00
110,Career/Technical Education Teacher,Postsecondary,,,,,,"Career/Technical Education Teachers, Postsecondary",25-1194.00
111,Career/Technical Education Teacher,Secondary School,,,,,,"Career/Technical Education Teachers, Secondary School",25-2032.00
112,Cargo and Freight Agent,,,,,,,Cargo and Freight Agents,43-5011.00
113,Carpenter,,,,,,,Carpenters,47-2031.00
114,Carpet Installer,,,,,,,Carpet Installers,47-2041.00
115,Cartographer Photogrammetrist,,,,,,,Cartographers and Photogrammetrists,17-1021.00
116,Cashier,,,,,,,Cashiers,41-2011.00
117,Cement Mason Concrete Finisher,,,,,,,Cement Masons and Concrete Finishers,47-2051.00
118,Chef Head Cook,,,,,,,Chefs and Head Cooks,35-1011.00
119,Chemical Engineer,,,,,,,Chemical Engineers,17-2041.00
120,Chemical Equipment Operator Tender,,,,,,,Chemical Equipment Operators and Tenders,51-9011.00
121,Chemical Plant and System Operator,,,,,,,Chemical Plant and System Operators,51-8091.00
122,Chemical Technician,,,,,,,Chemical Technicians,19-4031.00
123,Chemistry Teacher,Postsecondary,,,,,,"Chemistry Teachers, Postsecondary",25-1052.00
124,Chemist,,,,,,,Chemists,19-2031.00
125,Chief Executive,,,,,,,Chief Executives,11-1011.00
126,Chief Sustainability Officer,,,,,,,Chief Sustainability Officers,11-1011.03
127,Child,Family,School Social Worker,,,,,"Child, Family, and School Social Workers",21-1021.00
128,Childcare Worker,,,,,,,Childcare Workers,39-9011.00
129,Chiropractor,,,,,,,Chiropractors,29-1011.00
130,Choreographer,,,,,,,Choreographers,27-2032.00
131,Civil Engineering Technologist Technician,,,,,,,Civil Engineering Technologists and Technicians,17-3022.00
132,Civil Engineer,,,,,,,Civil Engineers,17-2051.00
133,Claims Adjuster,Examiner,Investigator,,,,,"Claims Adjusters, Examiners, and Investigators",13-1031.00
134,Cleaners of Vehicle Equipment,,,,,,,Cleaners of Vehicles and Equipment,53-7061.00
135,Cleaning,Washing,Metal Pickling Equipment Operator Tender,,,,,"Cleaning, Washing, and Metal Pickling Equipment Operators and Tenders",51-9192.00
136,Clergy,,,,,,,Clergy,21-2011.00
137,Climate Change Policy Analyst,,,,,,,Climate Change Policy Analysts,19-2041.01
138,Clinical Data Manager,,,,,,,Clinical Data Managers,15-2051.02
139,Clinical Nurse Specialist,,,,,,,Clinical Nurse Specialists,29-1141.04
140,Clinical Research Coordinator,,,,,,,Clinical Research Coordinators,11-9121.01
141,Clinical and Counseling Psychologist,,,,,,,Clinical and Counseling Psychologists,19-3033.00
142,Coache Scout,,,,,,,Coaches and Scouts,27-2022.00
143,Coating,Painting,Spraying Machine Setter,Operator,Tender,,,"Coating, Painting, and Spraying Machine Setters, Operators, and Tenders",51-9124.00
144,Coil Winder,Taper,Finisher,,,,,"Coil Winders, Tapers, and Finishers",51-2021.00
145,Coin,Vending,Amusement Machine Servicer Repairer,,,,,"Coin, Vending, and Amusement Machine Servicers and Repairers",49-9091.00
146,Commercial Diver,,,,,,,Commercial Divers,49-9092.00
147,Commercial Pilot,,,,,,,Commercial Pilots,53-2012.00
148,Commercial and Industrial Designer,,,,,,,Commercial and Industrial Designers,27-1021.00
149,Communications Teacher,Postsecondary,,,,,,"Communications Teachers, Postsecondary",25-1122.00
150,Community Health Worker,,,,,,,Community Health Workers,21-1094.00
151,Compensation and Benefits Manager,,,,,,,Compensation and Benefits Managers,11-3111.00
152,Compensation,Benefit,Job Analysis Specialist,,,,,"Compensation, Benefits, and Job Analysis Specialists",13-1141.00
153,Compliance Manager,,,,,,,Compliance Managers,11-9199.02
154,Compliance Officer,,,,,,,Compliance Officers,13-1041.00
155,Computer Hardware Engineer,,,,,,,Computer Hardware Engineers,17-2061.00
156,Computer Network Architect,,,,,,,Computer Network Architects,15-1241.00
157,Computer Network Support Specialist,,,,,,,Computer Network Support Specialists,15-1231.00
158,Computer Numerically Controlled Tool Operator,,,,,,,Computer Numerically Controlled Tool Operators,51-9161.00
159,Computer Numerically Controlled Tool Programmer,,,,,,,Computer Numerically Controlled Tool Programmers,51-9162.00
160,Computer Programmer,,,,,,,Computer Programmers,15-1251.00
161,Computer Science Teacher,Postsecondary,,,,,,"Computer Science Teachers, Postsecondary",25-1021.00
162,Computer Systems Analyst,,,,,,,Computer Systems Analysts,15-1211.00
163,Computer Systems Engineers/Architect,,,,,,,Computer Systems Engineers/Architects,15-1299.08
164,Computer User Support Specialist,,,,,,,Computer User Support Specialists,15-1232.00
165,Computer and Information Research Scientist,,,,,,,Computer and Information Research Scientists,15-1221.00
166,Computer and Information Systems Manager,,,,,,,Computer and Information Systems Managers,11-3021.00
167,Computer,Automated Teller,Office Machine Repairer,,,,,"Computer, Automated Teller, and Office Machine Repairers",49-2011.00
168,Concierge,,,,,,,Concierges,39-6012.00
169,Conservation Scientist,,,,,,,Conservation Scientists,19-1031.00
170,Construction Laborer,,,,,,,Construction Laborers,47-2061.00
171,Construction Manager,,,,,,,Construction Managers,11-9021.00
172,Construction and Building Inspector,,,,,,,Construction and Building Inspectors,47-4011.00
173,Continuous Mining Machine Operator,,,,,,,Continuous Mining Machine Operators,47-5041.00
174,Control and Valve Installer Repairer,Except Mechanical Door,,,,,,"Control and Valve Installers and Repairers, Except Mechanical Door",49-9012.00
175,Conveyor Operator Tender,,,,,,,Conveyor Operators and Tenders,53-7011.00
176,Cook,Fast Food,,,,,,"Cooks, Fast Food",35-2011.00
177,Cook,Institution and Cafeteria,,,,,,"Cooks, Institution and Cafeteria",35-2012.00
178,Cook,Private Household,,,,,,"Cooks, Private Household",35-2013.00
179,Cook,Restaurant,,,,,,"Cooks, Restaurant",35-2014.00
180,Cook,Short Order,,,,,,"Cooks, Short Order",35-2015.00
181,Cooling and Freezing Equipment Operator Tender,,,,,,,Cooling and Freezing Equipment Operators and Tenders,51-9193.00
182,Coroner,,,,,,,Coroners,13-1041.06
183,Correctional Officer Jailer,,,,,,,Correctional Officers and Jailers,33-3012.00
184,Correspondence Clerk,,,,,,,Correspondence Clerks,43-4021.00
185,Cost Estimator,,,,,,,Cost Estimators,13-1051.00
186,Costume Attendant,,,,,,,Costume Attendants,39-3092.00
187,Counter and Rental Clerk,,,,,,,Counter and Rental Clerks,41-2021.00
188,Courier Messenger,,,,,,,Couriers and Messengers,43-5021.00
189,Court Reporter Simultaneous Captioner,,,,,,,Court Reporters and Simultaneous Captioners,27-3092.00
190,Court,Municipal,License Clerk,,,,,"Court, Municipal, and License Clerks",43-4031.00
191,Craft Artist,,,,,,,Craft Artists,27-1012.00
192,Crane and Tower Operator,,,,,,,Crane and Tower Operators,53-7021.00
193,Credit Analyst,,,,,,,Credit Analysts,13-2041.00
194,Credit Authorizer,Checker,Clerk,,,,,"Credit Authorizers, Checkers, and Clerks",43-4041.00
195,Credit Counselor,,,,,,,Credit Counselors,13-2071.00
196,Criminal Justice and Law Enforcement Teacher,Postsecondary,,,,,,"Criminal Justice and Law Enforcement Teachers, Postsecondary",25-1111.00
197,Critical Care Nurse,,,,,,,Critical Care Nurses,29-1141.03
198,Crossing Guard Flagger,,,,,,,Crossing Guards and Flaggers,33-9091.00
199,Crushing,Grinding,Polishing Machine Setter,Operator,Tender,,,"Crushing, Grinding, and Polishing Machine Setters, Operators, and Tenders",51-9021.00
200,Curator,,,,,,,Curators,25-4012.00
201,Customer Service Representative,,,,,,,Customer Service Representatives,43-4051.00
202,Customs Broker,,,,,,,Customs Brokers,13-1041.08
203,Custom Border Protection Officer,,,,,,,Customs and Border Protection Officers,33-3051.04
204,Cutter Trimmer,Hand,,,,,,"Cutters and Trimmers, Hand",51-9031.00
205,Cutting and Slicing Machine Setter,Operator,Tender,,,,,"Cutting and Slicing Machine Setters, Operators, and Tenders",51-9032.00
206,Cutting,Punching,Press Machine Setter,Operator,Tender,Metal and Plastic,,"Cutting, Punching, and Press Machine Setters, Operators, and Tenders, Metal and Plastic",51-4031.00
207,Cytogenetic Technologist,,,,,,,Cytogenetic Technologists,29-2011.01
208,Cytotechnologist,,,,,,,Cytotechnologists,29-2011.02
209,Dancer,,,,,,,Dancers,27-2031.00
210,Data Entry Keyer,,,,,,,Data Entry Keyers,43-9021.00
211,Data Warehousing Specialist,,,,,,,Data Warehousing Specialists,15-1243.01
212,Database Administrator,,,,,,,Database Administrators,15-1242.00
213,Database Architect,,,,,,,Database Architects,15-1243.00
214,Demonstrator Product Promoter,,,,,,,Demonstrators and Product Promoters,41-9011.00
215,Dental Assistant,,,,,,,Dental Assistants,31-9091.00
216,Dental Hygienist,,,,,,,Dental Hygienists,29-1292.00
217,Dental Laboratory Technician,,,,,,,Dental Laboratory Technicians,51-9081.00
218,Dentist,General,,,,,,"Dentists, General",29-1021.00
219,Dermatologist,,,,,,,Dermatologists,29-1213.00
220,Derrick Operator,Oil and Ga,,,,,,"Derrick Operators, Oil and Gas",47-5011.00
221,Desktop Publisher,,,,,,,Desktop Publishers,43-9031.00
222,Detective Criminal Investigator,,,,,,,Detectives and Criminal Investigators,33-3021.00
223,Diagnostic Medical Sonographer,,,,,,,Diagnostic Medical Sonographers,29-2032.00
224,Dietetic Technician,,,,,,,Dietetic Technicians,29-2051.00
225,Dietitian Nutritionist,,,,,,,Dietitians and Nutritionists,29-1031.00
226,Dining Room and Cafeteria Attendant Bartender Helper,,,,,,,Dining Room and Cafeteria Attendants and Bartender Helpers,35-9011.00
227,Director,Religious Activitie Education,,,,,,"Directors, Religious Activities and Education",21-2021.00
228,Dishwasher,,,,,,,Dishwashers,35-9021.00
229,Dispatcher,Except Police,Fire,Ambulance,,,,"Dispatchers, Except Police, Fire, and Ambulance",43-5032.00
230,Document Management Specialist,,,,,,,Document Management Specialists,15-1299.03
231,Door-to-Door Sales Worker,New Street Vendor,Related Worker,,,,,"Door-to-Door Sales Workers, News and Street Vendors, and Related Workers",41-9091.00
232,Dredge Operator,,,,,,,Dredge Operators,53-7031.00
233,Drilling and Boring Machine Tool Setter,Operator,Tender,Metal and Plastic,,,,"Drilling and Boring Machine Tool Setters, Operators, and Tenders, Metal and Plastic",51-4032.00
234,Driver/Sales Worker,,,,,,,Driver/Sales Workers,53-3031.00
235,Drywall and Ceiling Tile Installer,,,,,,,Drywall and Ceiling Tile Installers,47-2081.00
236,Earth Driller,Except Oil and Ga,,,,,,"Earth Drillers, Except Oil and Gas",47-5023.00
237,Economics Teacher,Postsecondary,,,,,,"Economics Teachers, Postsecondary",25-1063.00
238,Economist,,,,,,,Economists,19-3011.00
239,Editor,,,,,,,Editors,27-3041.00
240,Education Administrator,Kindergarten through Secondary,,,,,,"Education Administrators, Kindergarten through Secondary",11-9032.00
241,Education Administrator,Postsecondary,,,,,,"Education Administrators, Postsecondary",11-9033.00
242,Education Teacher,Postsecondary,,,,,,"Education Teachers, Postsecondary",25-1081.00
243,Education and Childcare Administrator,Preschool and Daycare,,,,,,"Education and Childcare Administrators, Preschool and Daycare",11-9031.00
244,Educational,Guidance,Career Counselor Advisor,,,,,"Educational, Guidance, and Career Counselors and Advisors",21-1012.00
245,Electric Motor,Power Tool,Related Repairer,,,,,"Electric Motor, Power Tool, and Related Repairers",49-2092.00
246,Electrical Engineer,,,,,,,Electrical Engineers,17-2071.00
247,Electrical Power-Line Installer Repairer,,,,,,,Electrical Power-Line Installers and Repairers,49-9051.00
248,Electrical and Electronic Engineering Technologist Technician,,,,,,,Electrical and Electronic Engineering Technologists and Technicians,17-3023.00
249,Electrical and Electronic Equipment Assembler,,,,,,,Electrical and Electronic Equipment Assemblers,51-2022.00
250,Electrical and Electronics Drafter,,,,,,,Electrical and Electronics Drafters,17-3012.00
251,Electrical and Electronics Installer Repairer,Transportation Equipment,,,,,,"Electrical and Electronics Installers and Repairers, Transportation Equipment",49-2093.00
252,Electrical and Electronics Repairer,Commercial and Industrial Equipment,,,,,,"Electrical and Electronics Repairers, Commercial and Industrial Equipment",49-2094.00
253,Electrical and Electronics Repairer,Powerhouse,Substation,Relay,,,,"Electrical and Electronics Repairers, Powerhouse, Substation, and Relay",49-2095.00
254,Electrician,,,,,,,Electricians,47-2111.00
255,Electro-Mechanical and Mechatronics Technologist Technician,,,,,,,Electro-Mechanical and Mechatronics Technologists and Technicians,17-3024.00
256,Electromechanical Equipment Assembler,,,,,,,Electromechanical Equipment Assemblers,51-2023.00
257,Electronic Equipment Installer Repairer,Motor Vehicle,,,,,,"Electronic Equipment Installers and Repairers, Motor Vehicles",49-2096.00
258,Electronics Engineer,Except Computer,,,,,,"Electronics Engineers, Except Computer",17-2072.00
259,Elementary School Teacher,Except Special Education,,,,,,"Elementary School Teachers, Except Special Education",25-2021.00
260,Elevator and Escalator Installer Repairer,,,,,,,Elevator and Escalator Installers and Repairers,47-4021.00
261,Eligibility Interviewer,Government Program,,,,,,"Eligibility Interviewers, Government Programs",43-4061.00
262,Embalmer,,,,,,,Embalmers,39-4011.00
263,Emergency Management Director,,,,,,,Emergency Management Directors,11-9161.00
264,Endoscopy Technician,,,,,,,Endoscopy Technicians,31-9099.02
265,Energy Auditor,,,,,,,Energy Auditors,47-4011.01
266,Energy Engineer,Except Wind and Solar,,,,,,"Energy Engineers, Except Wind and Solar",17-2199.03
267,Engine and Other Machine Assembler,,,,,,,Engine and Other Machine Assemblers,51-2031.00
268,Engineering Teacher,Postsecondary,,,,,,"Engineering Teachers, Postsecondary",25-1032.00
269,English Language and Literature Teacher,Postsecondary,,,,,,"English Language and Literature Teachers, Postsecondary",25-1123.00
270,Environmental Compliance Inspector,,,,,,,Environmental Compliance Inspectors,13-1041.01
271,Environmental Economist,,,,,,,Environmental Economists,19-3011.01
272,Environmental Engineering Technologist Technician,,,,,,,Environmental Engineering Technologists and Technicians,17-3025.00
273,Environmental Engineer,,,,,,,Environmental Engineers,17-2081.00
274,Environmental Restoration Planner,,,,,,,Environmental Restoration Planners,19-2041.02
275,Environmental Science Teacher,Postsecondary,,,,,,"Environmental Science Teachers, Postsecondary",25-1053.00
276,Environmental Science and Protection Technician,Including Health,,,,,,"Environmental Science and Protection Technicians, Including Health",19-4042.00
277,Environmental Scientist Specialist,Including Health,,,,,,"Environmental Scientists and Specialists, Including Health",19-2041.00
278,Epidemiologist,,,,,,,Epidemiologists,19-1041.00
279,Equal Opportunity Representative Officer,,,,,,,Equal Opportunity Representatives and Officers,13-1041.03
280,Etcher Engraver,,,,,,,Etchers and Engravers,51-9194.00
281,Excavating and Loading Machine and Dragline Operator,Surface Mining,,,,,,"Excavating and Loading Machine and Dragline Operators, Surface Mining",47-5022.00
282,Executive Secretarie Executive Administrative Assistant,,,,,,,Executive Secretaries and Executive Administrative Assistants,43-6011.00
283,Exercise Physiologist,,,,,,,Exercise Physiologists,29-1128.00
284,Exercise Trainer Group Fitness Instructor,,,,,,,Exercise Trainers and Group Fitness Instructors,39-9031.00
285,Explosives Worker,Ordnance Handling Expert,Blaster,,,,,"Explosives Workers, Ordnance Handling Experts, and Blasters",47-5032.00
286,Extruding and Drawing Machine Setter,Operator,Tender,Metal and Plastic,,,,"Extruding and Drawing Machine Setters, Operators, and Tenders, Metal and Plastic",51-4021.00
287,Extruding and Forming Machine Setter,Operator,Tender,Synthetic and Glass Fiber,,,,"Extruding and Forming Machine Setters, Operators, and Tenders, Synthetic and Glass Fibers",51-6091.00
288,Extruding,Forming,Pressing,Compacting Machine Setter,Operator,Tender,,"Extruding, Forming, Pressing, and Compacting Machine Setters, Operators, and Tenders",51-9041.00
289,Fabric and Apparel Patternmaker,,,,,,,Fabric and Apparel Patternmakers,51-6092.00
290,Faller,,,,,,,Fallers,45-4021.00
291,Family Medicine Physician,,,,,,,Family Medicine Physicians,29-1215.00
292,Family and Consumer Sciences Teacher,Postsecondary,,,,,,"Family and Consumer Sciences Teachers, Postsecondary",25-1192.00
293,Farm Equipment Mechanic Service Technician,,,,,,,Farm Equipment Mechanics and Service Technicians,49-3041.00
294,Farm Labor Contractor,,,,,,,Farm Labor Contractors,13-1074.00
295,Farm and Home Management Educator,,,,,,,Farm and Home Management Educators,25-9021.00
296,Farmer,Rancher,Other Agricultural Manager,,,,,"Farmers, Ranchers, and Other Agricultural Managers",11-9013.00
297,Farmworker Laborer,Crop,Nursery,Greenhouse,,,,"Farmworkers and Laborers, Crop, Nursery, and Greenhouse",45-2092.00
298,Farmworker,Farm,Ranch,Aquacultural Animal,,,,"Farmworkers, Farm, Ranch, and Aquacultural Animals",45-2093.00
299,Fashion Designer,,,,,,,Fashion Designers,27-1022.00
300,Fast Food and Counter Worker,,,,,,,Fast Food and Counter Workers,35-3023.00
301,Fence Erector,,,,,,,Fence Erectors,47-4031.00
302,Fiberglass Laminator Fabricator,,,,,,,Fiberglass Laminators and Fabricators,51-2051.00
303,File Clerk,,,,,,,File Clerks,43-4071.00
304,Film and Video Editor,,,,,,,Film and Video Editors,27-4032.00
305,Financial Examiner,,,,,,,Financial Examiners,13-2061.00
306,Financial Manager,,,,,,,Financial Managers,11-3031.00
307,Financial Quantitative Analyst,,,,,,,Financial Quantitative Analysts,13-2099.01
308,Fine Artist,Including Painter,Sculptor,Illustrator,,,,"Fine Artists, Including Painters, Sculptors, and Illustrators",27-1013.00
309,Fire Inspector Investigator,,,,,,,Fire Inspectors and Investigators,33-2021.00
310,Fire-Prevention and Protection Engineer,,,,,,,Fire-Prevention and Protection Engineers,17-2111.02
311,Firefighter,,,,,,,Firefighters,33-2011.00
312,First-Line Supervisors of Construction Trade Extraction Worker,,,,,,,First-Line Supervisors of Construction Trades and Extraction Workers,47-1011.00
313,First-Line Supervisors of Correctional Officer,,,,,,,First-Line Supervisors of Correctional Officers,33-1011.00
314,First-Line Supervisors of Farming,Fishing,Forestry Worker,,,,,"First-Line Supervisors of Farming, Fishing, and Forestry Workers",45-1011.00
315,First-Line Supervisors of Firefighting and Prevention Worker,,,,,,,First-Line Supervisors of Firefighting and Prevention Workers,33-1021.00
316,First-Line Supervisors of Food Preparation and Serving Worker,,,,,,,First-Line Supervisors of Food Preparation and Serving Workers,35-1012.00
317,First-Line Supervisors of Gambling Services Worker,,,,,,,First-Line Supervisors of Gambling Services Workers,39-1013.00
318,First-Line Supervisors of Helper,Laborer,Material Mover,Hand,,,,"First-Line Supervisors of Helpers, Laborers, and Material Movers, Hand",53-1042.00
319,First-Line Supervisors of Housekeeping and Janitorial Worker,,,,,,,First-Line Supervisors of Housekeeping and Janitorial Workers,37-1011.00
320,First-Line Supervisors of Landscaping,Lawn Service,Groundskeeping Worker,,,,,"First-Line Supervisors of Landscaping, Lawn Service, and Groundskeeping Workers",37-1012.00
321,First-Line Supervisors of Material-Moving Machine and Vehicle Operator,,,,,,,First-Line Supervisors of Material-Moving Machine and Vehicle Operators,53-1043.00
322,First-Line Supervisors of Mechanic,Installer,Repairer,,,,,"First-Line Supervisors of Mechanics, Installers, and Repairers",49-1011.00
323,First-Line Supervisors of Non-Retail Sales Worker,,,,,,,First-Line Supervisors of Non-Retail Sales Workers,41-1012.00
324,First-Line Supervisors of Office and Administrative Support Worker,,,,,,,First-Line Supervisors of Office and Administrative Support Workers,43-1011.00
325,First-Line Supervisors of Personal Service Worker,,,,,,,First-Line Supervisors of Personal Service Workers,39-1022.00
326,First-Line Supervisors of Police and Detective,,,,,,,First-Line Supervisors of Police and Detectives,33-1012.00
327,First-Line Supervisors of Production and Operating Worker,,,,,,,First-Line Supervisors of Production and Operating Workers,51-1011.00
328,First-Line Supervisors of Retail Sales Worker,,,,,,,First-Line Supervisors of Retail Sales Workers,41-1011.00
329,Fish and Game Warden,,,,,,,Fish and Game Wardens,33-3031.00
330,Fishing and Hunting Worker,,,,,,,Fishing and Hunting Workers,45-3031.00
331,Fitnes Wellness Coordinator,,,,,,,Fitness and Wellness Coordinators,11-9179.01
332,Flight Attendant,,,,,,,Flight Attendants,53-2031.00
333,Floor Layer,Except Carpet,Wood,Hard Tile,,,,"Floor Layers, Except Carpet, Wood, and Hard Tiles",47-2042.00
334,Floor Sander Finisher,,,,,,,Floor Sanders and Finishers,47-2043.00
335,Floral Designer,,,,,,,Floral Designers,27-1023.00
336,Food Batchmaker,,,,,,,Food Batchmakers,51-3092.00
337,Food Cooking Machine Operator Tender,,,,,,,Food Cooking Machine Operators and Tenders,51-3093.00
338,Food Preparation Worker,,,,,,,Food Preparation Workers,35-2021.00
339,Food Science Technician,,,,,,,Food Science Technicians,19-4013.00
340,Food Scientist Technologist,,,,,,,Food Scientists and Technologists,19-1012.00
341,Food Server,Nonrestaurant,,,,,,"Food Servers, Nonrestaurant",35-3041.00
342,Food Service Manager,,,,,,,Food Service Managers,11-9051.00
343,Food and Tobacco Roasting,Baking,Drying Machine Operator Tender,,,,,"Food and Tobacco Roasting, Baking, and Drying Machine Operators and Tenders",51-3091.00
344,Foreign Language and Literature Teacher,Postsecondary,,,,,,"Foreign Language and Literature Teachers, Postsecondary",25-1124.00
345,Forensic Science Technician,,,,,,,Forensic Science Technicians,19-4092.00
346,Forest Fire Inspector Prevention Specialist,,,,,,,Forest Fire Inspectors and Prevention Specialists,33-2022.00
347,Forest and Conservation Technician,,,,,,,Forest and Conservation Technicians,19-4071.00
348,Forest and Conservation Worker,,,,,,,Forest and Conservation Workers,45-4011.00
349,Forester,,,,,,,Foresters,19-1032.00
350,Forestry and Conservation Science Teacher,Postsecondary,,,,,,"Forestry and Conservation Science Teachers, Postsecondary",25-1043.00
351,Forging Machine Setter,Operator,Tender,Metal and Plastic,,,,"Forging Machine Setters, Operators, and Tenders, Metal and Plastic",51-4022.00
352,Foundry Mold and Coremaker,,,,,,,Foundry Mold and Coremakers,51-4071.00
353,Fraud Examiner,Investigator Analyst,,,,,,"Fraud Examiners, Investigators and Analysts",13-2099.04
354,Freight Forwarder,,,,,,,Freight Forwarders,43-5011.01
355,Fuel Cell Engineer,,,,,,,Fuel Cell Engineers,17-2141.01
356,Fundraiser,,,,,,,Fundraisers,13-1131.00
357,Funeral Attendant,,,,,,,Funeral Attendants,39-4021.00
358,Funeral Home Manager,,,,,,,Funeral Home Managers,11-9171.00
359,Furnace,Kiln,Oven,Drier,Kettle Operator Tender,,,"Furnace, Kiln, Oven, Drier, and Kettle Operators and Tenders",51-9051.00
360,Furniture Finisher,,,,,,,Furniture Finishers,51-7021.00
361,Gambling Cage Worker,,,,,,,Gambling Cage Workers,43-3041.00
362,Gambling Change Person Booth Cashier,,,,,,,Gambling Change Persons and Booth Cashiers,41-2012.00
363,Gambling Dealer,,,,,,,Gambling Dealers,39-3011.00
364,Gambling Manager,,,,,,,Gambling Managers,11-9071.00
365,Gambling Surveillance Officer Gambling Investigator,,,,,,,Gambling Surveillance Officers and Gambling Investigators,33-9031.00
366,Gambling and Sports Book Writer Runner,,,,,,,Gambling and Sports Book Writers and Runners,39-3012.00
367,Gas Compressor and Gas Pumping Station Operator,,,,,,,Gas Compressor and Gas Pumping Station Operators,53-7071.00
368,Gas Plant Operator,,,,,,,Gas Plant Operators,51-8092.00
369,Gem and Diamond Worker,,,,,,,Gem and Diamond Workers,51-9071.06
370,General Internal Medicine Physician,,,,,,,General Internal Medicine Physicians,29-1216.00
371,General and Operations Manager,,,,,,,General and Operations Managers,11-1021.00
372,Genetic Counselor,,,,,,,Genetic Counselors,29-9092.00
373,Geneticist,,,,,,,Geneticists,19-1029.03
374,Geodetic Surveyor,,,,,,,Geodetic Surveyors,17-1022.01
375,Geographer,,,,,,,Geographers,19-3092.00
376,Geographic Information Systems Technologist Technician,,,,,,,Geographic Information Systems Technologists and Technicians,15-1299.02
377,Geography Teacher,Postsecondary,,,,,,"Geography Teachers, Postsecondary",25-1064.00
378,Geological Technician,Except Hydrologic Technician,,,,,,"Geological Technicians, Except Hydrologic Technicians",19-4043.00
379,Geoscientist,Except Hydrologist Geographer,,,,,,"Geoscientists, Except Hydrologists and Geographers",19-2042.00
380,Geothermal Production Manager,,,,,,,Geothermal Production Managers,11-3051.02
381,Geothermal Technician,,,,,,,Geothermal Technicians,49-9099.01
382,Glass Blower,Molder,Bender,Finisher,,,,"Glass Blowers, Molders, Benders, and Finishers",51-9195.04
383,Glazier,,,,,,,Glaziers,47-2121.00
384,Government Property Inspector Investigator,,,,,,,Government Property Inspectors and Investigators,13-1041.04
385,Grader Sorter,Agricultural Product,,,,,,"Graders and Sorters, Agricultural Products",45-2041.00
386,Graphic Designer,,,,,,,Graphic Designers,27-1024.00
387,Grinding and Polishing Worker,Hand,,,,,,"Grinding and Polishing Workers, Hand",51-9022.00
388,Grinding,Lapping,Polishing,Buffing Machine Tool Setter,Operator,Tender,Metal and Plastic,"Grinding, Lapping, Polishing, and Buffing Machine Tool Setters, Operators, and Tenders, Metal and Plastic",51-4033.00
389,Hairdresser,Hairstylist,Cosmetologist,,,,,"Hairdressers, Hairstylists, and Cosmetologists",39-5012.00
390,Hazardous Materials Removal Worker,,,,,,,Hazardous Materials Removal Workers,47-4041.00
391,Health Education Specialist,,,,,,,Health Education Specialists,21-1091.00
392,Health Informatics Specialist,,,,,,,Health Informatics Specialists,15-1211.01
393,Health Specialties Teacher,Postsecondary,,,,,,"Health Specialties Teachers, Postsecondary",25-1071.00
394,Health and Safety Engineer,Except Mining Safety Engineer Inspector,,,,,,"Health and Safety Engineers, Except Mining Safety Engineers and Inspectors",17-2111.00
395,Healthcare Social Worker,,,,,,,Healthcare Social Workers,21-1022.00
396,Hearing Aid Specialist,,,,,,,Hearing Aid Specialists,29-2092.00
397,Heat Treating Equipment Setter,Operator,Tender,Metal and Plastic,,,,"Heat Treating Equipment Setters, Operators, and Tenders, Metal and Plastic",51-4191.00
398,Heating,Air Conditioning,Refrigeration Mechanic Installer,,,,,"Heating, Air Conditioning, and Refrigeration Mechanics and Installers",49-9021.00
399,Heavy and Tractor-Trailer Truck Driver,,,,,,,Heavy and Tractor-Trailer Truck Drivers,53-3032.00
400,Helpers--Brickmason,Blockmason,Stonemason,Tile and Marble Setter,,,,"Helpers--Brickmasons, Blockmasons, Stonemasons, and Tile and Marble Setters",47-3011.00
401,Helpers--Carpenter,,,,,,,Helpers--Carpenters,47-3012.00
402,Helpers--Electrician,,,,,,,Helpers--Electricians,47-3013.00
403,Helpers--Extraction Worker,,,,,,,Helpers--Extraction Workers,47-5081.00
404,Helpers--Installation,Maintenance,Repair Worker,,,,,"Helpers--Installation, Maintenance, and Repair Workers",49-9098.00
405,Helpers--Painter,Paperhanger,Plasterer,Stucco Mason,,,,"Helpers--Painters, Paperhangers, Plasterers, and Stucco Masons",47-3014.00
406,Helpers--Pipelayer,Plumber,Pipefitter,Steamfitter,,,,"Helpers--Pipelayers, Plumbers, Pipefitters, and Steamfitters",47-3015.00
407,Helpers--Production Worker,,,,,,,Helpers--Production Workers,51-9198.00
408,Helpers--Roofer,,,,,,,Helpers--Roofers,47-3016.00
409,Highway Maintenance Worker,,,,,,,Highway Maintenance Workers,47-4051.00
410,Historian,,,,,,,Historians,19-3093.00
411,History Teacher,Postsecondary,,,,,,"History Teachers, Postsecondary",25-1125.00
412,Hoist and Winch Operator,,,,,,,Hoist and Winch Operators,53-7041.00
413,Home Appliance Repairer,,,,,,,Home Appliance Repairers,49-9031.00
414,Home Health Aide,,,,,,,Home Health Aides,31-1121.00
415,Hospitalist,,,,,,,Hospitalists,29-1229.02
416,Host Hostesse,Restaurant,Lounge,Coffee Shop,,,,"Hosts and Hostesses, Restaurant, Lounge, and Coffee Shop",35-9031.00
417,Hotel,Motel,Resort Desk Clerk,,,,,"Hotel, Motel, and Resort Desk Clerks",43-4081.00
418,Human Factors Engineer Ergonomist,,,,,,,Human Factors Engineers and Ergonomists,17-2112.01
419,Human Resources Assistant,Except Payroll and Timekeeping,,,,,,"Human Resources Assistants, Except Payroll and Timekeeping",43-4161.00
420,Human Resources Manager,,,,,,,Human Resources Managers,11-3121.00
421,Human Resources Specialist,,,,,,,Human Resources Specialists,13-1071.00
422,Hydroelectric Plant Technician,,,,,,,Hydroelectric Plant Technicians,51-8013.04
423,Hydroelectric Production Manager,,,,,,,Hydroelectric Production Managers,11-3051.06
424,Hydrologist,,,,,,,Hydrologists,19-2043.00
425,Industrial Ecologist,,,,,,,Industrial Ecologists,19-2041.03
426,Industrial Engineering Technologist Technician,,,,,,,Industrial Engineering Technologists and Technicians,17-3026.00
427,Industrial Engineer,,,,,,,Industrial Engineers,17-2112.00
428,Industrial Machinery Mechanic,,,,,,,Industrial Machinery Mechanics,49-9041.00
429,Industrial Production Manager,,,,,,,Industrial Production Managers,11-3051.00
430,Industrial Truck and Tractor Operator,,,,,,,Industrial Truck and Tractor Operators,53-7051.00
431,Industrial-Organizational Psychologist,,,,,,,Industrial-Organizational Psychologists,19-3032.00
432,Information Security Analyst,,,,,,,Information Security Analysts,15-1212.00
433,Information Technology Project Manager,,,,,,,Information Technology Project Managers,15-1299.09
434,Inspector,Tester,Sorter,Sampler,Weigher,,,"Inspectors, Testers, Sorters, Samplers, and Weighers",51-9061.00
435,Instructional Coordinator,,,,,,,Instructional Coordinators,25-9031.00
436,Insulation Worker,Floor,Ceiling,Wall,,,,"Insulation Workers, Floor, Ceiling, and Wall",47-2131.00
437,Insulation Worker,Mechanical,,,,,,"Insulation Workers, Mechanical",47-2132.00
438,Insurance Appraiser,Auto Damage,,,,,,"Insurance Appraisers, Auto Damage",13-1032.00
439,Insurance Claim Policy Processing Clerk,,,,,,,Insurance Claims and Policy Processing Clerks,43-9041.00
440,Insurance Sales Agent,,,,,,,Insurance Sales Agents,41-3021.00
441,Insurance Underwriter,,,,,,,Insurance Underwriters,13-2053.00
442,Intelligence Analyst,,,,,,,Intelligence Analysts,33-3021.06
443,Interior Designer,,,,,,,Interior Designers,27-1025.00
444,Interpreter Translator,,,,,,,Interpreters and Translators,27-3091.00
445,Interviewer,Except Eligibility and Loan,,,,,,"Interviewers, Except Eligibility and Loan",43-4111.00
446,Investment Fund Manager,,,,,,,Investment Fund Managers,11-3031.03
447,Janitor Cleaner,Except Maid Housekeeping Cleaner,,,,,,"Janitors and Cleaners, Except Maids and Housekeeping Cleaners",37-2011.00
448,Jeweler Precious Stone and Metal Worker,,,,,,,Jewelers and Precious Stone and Metal Workers,51-9071.00
449,Judge,Magistrate Judge,Magistrate,,,,,"Judges, Magistrate Judges, and Magistrates",23-1023.00
450,Judicial Law Clerk,,,,,,,Judicial Law Clerks,23-1012.00
451,Kindergarten Teacher,Except Special Education,,,,,,"Kindergarten Teachers, Except Special Education",25-2012.00
452,Labor Relations Specialist,,,,,,,Labor Relations Specialists,13-1075.00
453,Laborer Freight,Stock,Material Mover,Hand,,,,"Laborers and Freight, Stock, and Material Movers, Hand",53-7062.00
454,Landscape Architect,,,,,,,Landscape Architects,17-1012.00
455,Landscaping and Groundskeeping Worker,,,,,,,Landscaping and Groundskeeping Workers,37-3011.00
456,Lathe and Turning Machine Tool Setter,Operator,Tender,Metal and Plastic,,,,"Lathe and Turning Machine Tool Setters, Operators, and Tenders, Metal and Plastic",51-4034.00
457,Laundry and Dry-Cleaning Worker,,,,,,,Laundry and Dry-Cleaning Workers,51-6011.00
458,Law Teacher,Postsecondary,,,,,,"Law Teachers, Postsecondary",25-1112.00
459,Lawyer,,,,,,,Lawyers,23-1011.00
460,Layout Worker,Metal and Plastic,,,,,,"Layout Workers, Metal and Plastic",51-4192.00
461,Legal Secretarie Administrative Assistant,,,,,,,Legal Secretaries and Administrative Assistants,43-6012.00
462,Librarian Media Collections Specialist,,,,,,,Librarians and Media Collections Specialists,25-4022.00
463,Library Assistant,Clerical,,,,,,"Library Assistants, Clerical",43-4121.00
464,Library Science Teacher,Postsecondary,,,,,,"Library Science Teachers, Postsecondary",25-1082.00
465,Library Technician,,,,,,,Library Technicians,25-4031.00
466,Licensed Practical and Licensed Vocational Nurse,,,,,,,Licensed Practical and Licensed Vocational Nurses,29-2061.00
467,Lifeguard,Ski Patrol,Other Recreational Protective Service Worker,,,,,"Lifeguards, Ski Patrol, and Other Recreational Protective Service Workers",33-9092.00
468,Light Truck Driver,,,,,,,Light Truck Drivers,53-3033.00
469,Loading and Moving Machine Operator,Underground Mining,,,,,,"Loading and Moving Machine Operators, Underground Mining",47-5044.00
470,Loan Interviewer Clerk,,,,,,,Loan Interviewers and Clerks,43-4131.00
471,Loan Officer,,,,,,,Loan Officers,13-2072.00
472,Locker Room,Coatroom,Dressing Room Attendant,,,,,"Locker Room, Coatroom, and Dressing Room Attendants",39-3093.00
473,Locksmith Safe Repairer,,,,,,,Locksmiths and Safe Repairers,49-9094.00
474,Locomotive Engineer,,,,,,,Locomotive Engineers,53-4011.00
475,Lodging Manager,,,,,,,Lodging Managers,11-9081.00
476,Log Grader Scaler,,,,,,,Log Graders and Scalers,45-4023.00
477,Logging Equipment Operator,,,,,,,Logging Equipment Operators,45-4022.00
478,Logistician,,,,,,,Logisticians,13-1081.00
479,Logistics Analyst,,,,,,,Logistics Analysts,13-1081.02
480,Logistics Engineer,,,,,,,Logistics Engineers,13-1081.01
481,Loss Prevention Manager,,,,,,,Loss Prevention Managers,11-9199.08
482,Low Vision Therapist,Orientation and Mobility Specialist,Vision Rehabilitation Therapist,,,,,"Low Vision Therapists, Orientation and Mobility Specialists, and Vision Rehabilitation Therapists",29-1122.01
483,Machine Feeder Offbearer,,,,,,,Machine Feeders and Offbearers,53-7063.00
484,Machinist,,,,,,,Machinists,51-4041.00
485,Magnetic Resonance Imaging Technologist,,,,,,,Magnetic Resonance Imaging Technologists,29-2035.00
486,Maid Housekeeping Cleaner,,,,,,,Maids and Housekeeping Cleaners,37-2012.00
487,Mail Clerk Mail Machine Operator,Except Postal Service,,,,,,"Mail Clerks and Mail Machine Operators, Except Postal Service",43-9051.00
488,Maintenance Worker,Machinery,,,,,,"Maintenance Workers, Machinery",49-9043.00
489,Maintenance and Repair Worker,General,,,,,,"Maintenance and Repair Workers, General",49-9071.00
490,Makeup Artist,Theatrical and Performance,,,,,,"Makeup Artists, Theatrical and Performance",39-5091.00
491,Management Analyst,,,,,,,Management Analysts,13-1111.00
492,Manicurist Pedicurist,,,,,,,Manicurists and Pedicurists,39-5092.00
493,Manufactured Building and Mobile Home Installer,,,,,,,Manufactured Building and Mobile Home Installers,49-9095.00
494,Manufacturing Engineer,,,,,,,Manufacturing Engineers,17-2112.03
495,Marine Engineer Naval Architect,,,,,,,Marine Engineers and Naval Architects,17-2121.00
496,Market Research Analyst Marketing Specialist,,,,,,,Market Research Analysts and Marketing Specialists,13-1161.00
497,Marketing Manager,,,,,,,Marketing Managers,11-2021.00
498,Marriage and Family Therapist,,,,,,,Marriage and Family Therapists,21-1013.00
499,Massage Therapist,,,,,,,Massage Therapists,31-9011.00
500,Materials Engineer,,,,,,,Materials Engineers,17-2131.00
501,Materials Scientist,,,,,,,Materials Scientists,19-2032.00
502,Mathematical Science Teacher,Postsecondary,,,,,,"Mathematical Science Teachers, Postsecondary",25-1022.00
503,Mathematician,,,,,,,Mathematicians,15-2021.00
504,Meat,Poultry,Fish Cutter Trimmer,,,,,"Meat, Poultry, and Fish Cutters and Trimmers",51-3022.00
505,Mechanical Door Repairer,,,,,,,Mechanical Door Repairers,49-9011.00
506,Mechanical Drafter,,,,,,,Mechanical Drafters,17-3013.00
507,Mechanical Engineering Technologist Technician,,,,,,,Mechanical Engineering Technologists and Technicians,17-3027.00
508,Mechanical Engineer,,,,,,,Mechanical Engineers,17-2141.00
509,Mechatronics Engineer,,,,,,,Mechatronics Engineers,17-2199.05
510,Media Programming Director,,,,,,,Media Programming Directors,27-2012.03
511,Media Technical Directors/Manager,,,,,,,Media Technical Directors/Managers,27-2012.05
512,Medical Appliance Technician,,,,,,,Medical Appliance Technicians,51-9082.00
513,Medical Assistant,,,,,,,Medical Assistants,31-9092.00
514,Medical Equipment Preparer,,,,,,,Medical Equipment Preparers,31-9093.00
515,Medical Equipment Repairer,,,,,,,Medical Equipment Repairers,49-9062.00
516,Medical Scientist,Except Epidemiologist,,,,,,"Medical Scientists, Except Epidemiologists",19-1042.00
517,Medical Secretarie Administrative Assistant,,,,,,,Medical Secretaries and Administrative Assistants,43-6013.00
518,Medical Transcriptionist,,,,,,,Medical Transcriptionists,31-9094.00
519,Medical and Clinical Laboratory Technician,,,,,,,Medical and Clinical Laboratory Technicians,29-2012.00
520,Medical and Clinical Laboratory Technologist,,,,,,,Medical and Clinical Laboratory Technologists,29-2011.00
521,Medical and Health Services Manager,,,,,,,Medical and Health Services Managers,11-9111.00
522,Meeting,Convention,Event Planner,,,,,"Meeting, Convention, and Event Planners",13-1121.00
523,Mental Health Counselor,,,,,,,Mental Health Counselors,21-1014.00
524,Mental Health and Substance Abuse Social Worker,,,,,,,Mental Health and Substance Abuse Social Workers,21-1023.00
525,Merchandise Displayer Window Trimmer,,,,,,,Merchandise Displayers and Window Trimmers,27-1026.00
526,Metal-Refining Furnace Operator Tender,,,,,,,Metal-Refining Furnace Operators and Tenders,51-4051.00
527,Meter Reader,Utility,,,,,,"Meter Readers, Utilities",43-5041.00
528,Microbiologist,,,,,,,Microbiologists,19-1022.00
529,Microsystems Engineer,,,,,,,Microsystems Engineers,17-2199.06
530,Middle School Teacher,Except Special and Career/Technical Education,,,,,,"Middle School Teachers, Except Special and Career/Technical Education",25-2022.00
531,Midwive,,,,,,,Midwives,29-9099.01
532,Milling and Planing Machine Setter,Operator,Tender,Metal and Plastic,,,,"Milling and Planing Machine Setters, Operators, and Tenders, Metal and Plastic",51-4035.00
533,Millwright,,,,,,,Millwrights,49-9044.00
534,Mining and Geological Engineer,Including Mining Safety Engineer,,,,,,"Mining and Geological Engineers, Including Mining Safety Engineers",17-2151.00
535,Mixing and Blending Machine Setter,Operator,Tender,,,,,"Mixing and Blending Machine Setters, Operators, and Tenders",51-9023.00
536,Mobile Heavy Equipment Mechanic,Except Engine,,,,,,"Mobile Heavy Equipment Mechanics, Except Engines",49-3042.00
537,Model Maker,Metal and Plastic,,,,,,"Model Makers, Metal and Plastic",51-4061.00
538,Model Maker,Wood,,,,,,"Model Makers, Wood",51-7031.00
539,Model,,,,,,,Models,41-9012.00
540,Molder,Shaper,Caster,Except Metal and Plastic,,,,"Molders, Shapers, and Casters, Except Metal and Plastic",51-9195.00
541,Molding,Coremaking,Casting Machine Setter,Operator,Tender,Metal and Plastic,,"Molding, Coremaking, and Casting Machine Setters, Operators, and Tenders, Metal and Plastic",51-4072.00
542,Molecular and Cellular Biologist,,,,,,,Molecular and Cellular Biologists,19-1029.02
543,Mortician,Undertaker,Funeral Arranger,,,,,"Morticians, Undertakers, and Funeral Arrangers",39-4031.00
544,Motion Picture Projectionist,,,,,,,Motion Picture Projectionists,39-3021.00
545,Motorboat Mechanic Service Technician,,,,,,,Motorboat Mechanics and Service Technicians,49-3051.00
546,Motorboat Operator,,,,,,,Motorboat Operators,53-5022.00
547,Motorcycle Mechanic,,,,,,,Motorcycle Mechanics,49-3052.00
548,Multiple Machine Tool Setter,Operator,Tender,Metal and Plastic,,,,"Multiple Machine Tool Setters, Operators, and Tenders, Metal and Plastic",51-4081.00
549,Museum Technician Conservator,,,,,,,Museum Technicians and Conservators,25-4013.00
550,Music Director Composer,,,,,,,Music Directors and Composers,27-2041.00
551,Music Therapist,,,,,,,Music Therapists,29-1129.02
552,Musical Instrument Repairer Tuner,,,,,,,Musical Instrument Repairers and Tuners,49-9063.00
553,Musician Singer,,,,,,,Musicians and Singers,27-2042.00
554,Nanny,,,,,,,Nannies,39-9011.01
555,Nanosystems Engineer,,,,,,,Nanosystems Engineers,17-2199.09
556,Nanotechnology Engineering Technologist Technician,,,,,,,Nanotechnology Engineering Technologists and Technicians,17-3026.01
557,Natural Sciences Manager,,,,,,,Natural Sciences Managers,11-9121.00
558,Naturopathic Physician,,,,,,,Naturopathic Physicians,29-1299.01
559,Network and Computer Systems Administrator,,,,,,,Network and Computer Systems Administrators,15-1244.00
560,Neurodiagnostic Technologist,,,,,,,Neurodiagnostic Technologists,29-2099.01
561,Neurologist,,,,,,,Neurologists,29-1217.00
562,New Accounts Clerk,,,,,,,New Accounts Clerks,43-4141.00
563,News Analyst,Reporter,Journalist,,,,,"News Analysts, Reporters, and Journalists",27-3023.00
564,Non-Destructive Testing Specialist,,,,,,,Non-Destructive Testing Specialists,17-3029.01
565,Nuclear Engineer,,,,,,,Nuclear Engineers,17-2161.00
566,Nuclear Medicine Technologist,,,,,,,Nuclear Medicine Technologists,29-2033.00
567,Nuclear Monitoring Technician,,,,,,,Nuclear Monitoring Technicians,19-4051.02
568,Nuclear Power Reactor Operator,,,,,,,Nuclear Power Reactor Operators,51-8011.00
569,Nuclear Technician,,,,,,,Nuclear Technicians,19-4051.00
570,Nurse Anesthetist,,,,,,,Nurse Anesthetists,29-1151.00
571,Nurse Midwive,,,,,,,Nurse Midwives,29-1161.00
572,Nurse Practitioner,,,,,,,Nurse Practitioners,29-1171.00
573,Nursing Assistant,,,,,,,Nursing Assistants,31-1131.00
574,Nursing Instructor Teacher,Postsecondary,,,,,,"Nursing Instructors and Teachers, Postsecondary",25-1072.00
575,Obstetrician Gynecologist,,,,,,,Obstetricians and Gynecologists,29-1218.00
576,Occupational Health and Safety Specialist,,,,,,,Occupational Health and Safety Specialists,19-5011.00
577,Occupational Health and Safety Technician,,,,,,,Occupational Health and Safety Technicians,19-5012.00
578,Occupational Therapist,,,,,,,Occupational Therapists,29-1122.00
579,Occupational Therapy Aide,,,,,,,Occupational Therapy Aides,31-2012.00
580,Occupational Therapy Assistant,,,,,,,Occupational Therapy Assistants,31-2011.00
581,Office Clerk,General,,,,,,"Office Clerks, General",43-9061.00
582,Office Machine Operator,Except Computer,,,,,,"Office Machine Operators, Except Computer",43-9071.00
583,Online Merchant,,,,,,,Online Merchants,13-1199.06
584,Operating Engineer Other Construction Equipment Operator,,,,,,,Operating Engineers and Other Construction Equipment Operators,47-2073.00
585,Operations Research Analyst,,,,,,,Operations Research Analysts,15-2031.00
586,Ophthalmic Laboratory Technician,,,,,,,Ophthalmic Laboratory Technicians,51-9083.00
587,Ophthalmic Medical Technician,,,,,,,Ophthalmic Medical Technicians,29-2057.00
588,Ophthalmic Medical Technologist,,,,,,,Ophthalmic Medical Technologists,29-2099.05
589,Ophthalmologist,Except Pediatric,,,,,,"Ophthalmologists, Except Pediatric",29-1241.00
590,Optician,Dispensing,,,,,,"Opticians, Dispensing",29-2081.00
591,Optometrist,,,,,,,Optometrists,29-1041.00
592,Oral and Maxillofacial Surgeon,,,,,,,Oral and Maxillofacial Surgeons,29-1022.00
593,Order Clerk,,,,,,,Order Clerks,43-4151.00
594,Orderly,,,,,,,Orderlies,31-1132.00
595,Orthodontist,,,,,,,Orthodontists,29-1023.00
596,Orthoptist,,,,,,,Orthoptists,29-1299.02
597,Orthotist Prosthetist,,,,,,,Orthotists and Prosthetists,29-2091.00
598,Outdoor Power Equipment and Other Small Engine Mechanic,,,,,,,Outdoor Power Equipment and Other Small Engine Mechanics,49-3053.00
599,Packaging and Filling Machine Operator Tender,,,,,,,Packaging and Filling Machine Operators and Tenders,51-9111.00
600,Packer Packager,Hand,,,,,,"Packers and Packagers, Hand",53-7064.00
601,Painter,Construction and Maintenance,,,,,,"Painters, Construction and Maintenance",47-2141.00
602,Painting,Coating,Decorating Worker,,,,,"Painting, Coating, and Decorating Workers",51-9123.00
603,Paper Goods Machine Setter,Operator,Tender,,,,,"Paper Goods Machine Setters, Operators, and Tenders",51-9196.00
604,Paperhanger,,,,,,,Paperhangers,47-2142.00
605,Paralegal Legal Assistant,,,,,,,Paralegals and Legal Assistants,23-2011.00
606,Park Naturalist,,,,,,,Park Naturalists,19-1031.03
607,Parking Attendant,,,,,,,Parking Attendants,53-6021.00
608,Parking Enforcement Worker,,,,,,,Parking Enforcement Workers,33-3041.00
609,Parts Salesperson,,,,,,,Parts Salespersons,41-2022.00
610,Passenger Attendant,,,,,,,Passenger Attendants,53-6061.00
611,Patient Representative,,,,,,,Patient Representatives,29-2099.08
612,Patternmaker,Metal and Plastic,,,,,,"Patternmakers, Metal and Plastic",51-4062.00
613,Patternmaker,Wood,,,,,,"Patternmakers, Wood",51-7032.00
614,Paving,Surfacing,Tamping Equipment Operator,,,,,"Paving, Surfacing, and Tamping Equipment Operators",47-2071.00
615,Payroll and Timekeeping Clerk,,,,,,,Payroll and Timekeeping Clerks,43-3051.00
616,Pediatrician,General,,,,,,"Pediatricians, General",29-1221.00
617,Personal Care Aide,,,,,,,Personal Care Aides,31-1122.00
618,Personal Financial Advisor,,,,,,,Personal Financial Advisors,13-2052.00
619,Pest Control Worker,,,,,,,Pest Control Workers,37-2021.00
620,Pesticide Handler,Sprayer,Applicator,Vegetation,,,,"Pesticide Handlers, Sprayers, and Applicators, Vegetation",37-3012.00
621,Petroleum Engineer,,,,,,,Petroleum Engineers,17-2171.00
622,Petroleum Pump System Operator,Refinery Operator,Gauger,,,,,"Petroleum Pump System Operators, Refinery Operators, and Gaugers",51-8093.00
623,Pharmacist,,,,,,,Pharmacists,29-1051.00
624,Pharmacy Aide,,,,,,,Pharmacy Aides,31-9095.00
625,Pharmacy Technician,,,,,,,Pharmacy Technicians,29-2052.00
626,Philosophy and Religion Teacher,Postsecondary,,,,,,"Philosophy and Religion Teachers, Postsecondary",25-1126.00
627,Phlebotomist,,,,,,,Phlebotomists,31-9097.00
628,Photographer,,,,,,,Photographers,27-4021.00
629,Photographic Process Worker Processing Machine Operator,,,,,,,Photographic Process Workers and Processing Machine Operators,51-9151.00
630,Photonics Engineer,,,,,,,Photonics Engineers,17-2199.07
631,Photonics Technician,,,,,,,Photonics Technicians,17-3029.08
632,Physical Medicine and Rehabilitation Physician,,,,,,,Physical Medicine and Rehabilitation Physicians,29-1229.04
633,Physical Therapist Aide,,,,,,,Physical Therapist Aides,31-2022.00
634,Physical Therapist Assistant,,,,,,,Physical Therapist Assistants,31-2021.00
635,Physical Therapist,,,,,,,Physical Therapists,29-1123.00
636,Physician Assistant,,,,,,,Physician Assistants,29-1071.00
637,Physician,Pathologist,,,,,,"Physicians, Pathologists",29-1222.00
638,Physicist,,,,,,,Physicists,19-2012.00
639,Physics Teacher,Postsecondary,,,,,,"Physics Teachers, Postsecondary",25-1054.00
640,Pile Driver Operator,,,,,,,Pile Driver Operators,47-2072.00
641,Pipelayer,,,,,,,Pipelayers,47-2151.00
642,Plasterer Stucco Mason,,,,,,,Plasterers and Stucco Masons,47-2161.00
643,Plating Machine Setter,Operator,Tender,Metal and Plastic,,,,"Plating Machine Setters, Operators, and Tenders, Metal and Plastic",51-4193.00
644,Plumber,Pipefitter,Steamfitter,,,,,"Plumbers, Pipefitters, and Steamfitters",47-2152.00
645,Podiatrist,,,,,,,Podiatrists,29-1081.00
646,Poet,Lyricist Creative Writer,,,,,,"Poets, Lyricists and Creative Writers",27-3043.05
647,Police Identification and Records Officer,,,,,,,Police Identification and Records Officers,33-3021.02
648,Police and Sheriff's Patrol Officer,,,,,,,Police and Sheriff's Patrol Officers,33-3051.00
649,Political Science Teacher,Postsecondary,,,,,,"Political Science Teachers, Postsecondary",25-1065.00
650,Political Scientist,,,,,,,Political Scientists,19-3094.00
651,Postal Service Clerk,,,,,,,Postal Service Clerks,43-5051.00
652,Postal Service Mail Carrier,,,,,,,Postal Service Mail Carriers,43-5052.00
653,Postal Service Mail Sorter,Processor,Processing Machine Operator,,,,,"Postal Service Mail Sorters, Processors, and Processing Machine Operators",43-5053.00
654,Postmaster Mail Superintendent,,,,,,,Postmasters and Mail Superintendents,11-9131.00
655,Potter,Manufacturing,,,,,,"Potters, Manufacturing",51-9195.05
656,Pourer Caster,Metal,,,,,,"Pourers and Casters, Metal",51-4052.00
657,Power Distributor Dispatcher,,,,,,,Power Distributors and Dispatchers,51-8012.00
658,Power Plant Operator,,,,,,,Power Plant Operators,51-8013.00
659,Precision Agriculture Technician,,,,,,,Precision Agriculture Technicians,19-4012.01
660,Prepress Technician Worker,,,,,,,Prepress Technicians and Workers,51-5111.00
661,Preschool Teacher,Except Special Education,,,,,,"Preschool Teachers, Except Special Education",25-2011.00
662,Presser,Textile,Garment,Related Material,,,,"Pressers, Textile, Garment, and Related Materials",51-6021.00
663,Preventive Medicine Physician,,,,,,,Preventive Medicine Physicians,29-1229.05
664,Print Binding and Finishing Worker,,,,,,,Print Binding and Finishing Workers,51-5113.00
665,Printing Press Operator,,,,,,,Printing Press Operators,51-5112.00
666,Private Detective Investigator,,,,,,,Private Detectives and Investigators,33-9021.00
667,Probation Officer Correctional Treatment Specialist,,,,,,,Probation Officers and Correctional Treatment Specialists,21-1092.00
668,Procurement Clerk,,,,,,,Procurement Clerks,43-3061.00
669,Producer Director,,,,,,,Producers and Directors,27-2012.00
670,Production,Planning,Expediting Clerk,,,,,"Production, Planning, and Expediting Clerks",43-5061.00
671,Proofreader Copy Marker,,,,,,,Proofreaders and Copy Markers,43-9081.00
672,Property,Real Estate,Community Association Manager,,,,,"Property, Real Estate, and Community Association Managers",11-9141.00
673,Prosthodontist,,,,,,,Prosthodontists,29-1024.00
674,Psychiatric Aide,,,,,,,Psychiatric Aides,31-1133.00
675,Psychiatric Technician,,,,,,,Psychiatric Technicians,29-2053.00
676,Psychiatrist,,,,,,,Psychiatrists,29-1223.00
677,Psychology Teacher,Postsecondary,,,,,,"Psychology Teachers, Postsecondary",25-1066.00
678,Public Relations Specialist,,,,,,,Public Relations Specialists,27-3031.00
679,Public Safety Telecommunicator,,,,,,,Public Safety Telecommunicators,43-5031.00
680,Pump Operator,Except Wellhead Pumper,,,,,,"Pump Operators, Except Wellhead Pumpers",53-7072.00
681,Purchasing Agent,Except Wholesale,Retail,Farm Product,,,,"Purchasing Agents, Except Wholesale, Retail, and Farm Products",13-1023.00
682,Purchasing Manager,,,,,,,Purchasing Managers,11-3061.00
683,Quality Control Analyst,,,,,,,Quality Control Analysts,19-4099.01
684,Quality Control Systems Manager,,,,,,,Quality Control Systems Managers,11-3051.01
685,Radiation Therapist,,,,,,,Radiation Therapists,29-1124.00
686,Radio Frequency Identification Device Specialist,,,,,,,Radio Frequency Identification Device Specialists,17-2072.01
687,Radio,Cellular,Tower Equipment Installer Repairer,,,,,"Radio, Cellular, and Tower Equipment Installers and Repairers",49-2021.00
688,Radiologic Technologist Technician,,,,,,,Radiologic Technologists and Technicians,29-2034.00
689,Radiologist,,,,,,,Radiologists,29-1224.00
690,Rail Car Repairer,,,,,,,Rail Car Repairers,49-3043.00
691,Rail Yard Engineer,Dinkey Operator,Hostler,,,,,"Rail Yard Engineers, Dinkey Operators, and Hostlers",53-4013.00
692,Rail-Track Laying and Maintenance Equipment Operator,,,,,,,Rail-Track Laying and Maintenance Equipment Operators,47-4061.00
693,Railroad Brake,Signal,Switch Operator Locomotive Firer,,,,,"Railroad Brake, Signal, and Switch Operators and Locomotive Firers",53-4022.00
694,Railroad Conductor Yardmaster,,,,,,,Railroad Conductors and Yardmasters,53-4031.00
695,Range Manager,,,,,,,Range Managers,19-1031.02
696,Real Estate Broker,,,,,,,Real Estate Brokers,41-9021.00
697,Real Estate Sales Agent,,,,,,,Real Estate Sales Agents,41-9022.00
698,Receptionist Information Clerk,,,,,,,Receptionists and Information Clerks,43-4171.00
699,Recreation Worker,,,,,,,Recreation Workers,39-9032.00
700,Recreation and Fitness Studies Teacher,Postsecondary,,,,,,"Recreation and Fitness Studies Teachers, Postsecondary",25-1193.00
701,Recreational Therapist,,,,,,,Recreational Therapists,29-1125.00
702,Recreational Vehicle Service Technician,,,,,,,Recreational Vehicle Service Technicians,49-3092.00
703,Recycling Coordinator,,,,,,,Recycling Coordinators,53-1042.01
704,Recycling and Reclamation Worker,,,,,,,Recycling and Reclamation Workers,53-7062.04
705,Refractory Materials Repairer,Except Brickmason,,,,,,"Refractory Materials Repairers, Except Brickmasons",49-9045.00
706,Refuse and Recyclable Material Collector,,,,,,,Refuse and Recyclable Material Collectors,53-7081.00
707,Registered Nurse,,,,,,,Registered Nurses,29-1141.00
708,Regulatory Affairs Manager,,,,,,,Regulatory Affairs Managers,11-9199.01
709,Regulatory Affairs Specialist,,,,,,,Regulatory Affairs Specialists,13-1041.07
710,Rehabilitation Counselor,,,,,,,Rehabilitation Counselors,21-1015.00
711,Reinforcing Iron and Rebar Worker,,,,,,,Reinforcing Iron and Rebar Workers,47-2171.00
712,Remote Sensing Scientist Technologist,,,,,,,Remote Sensing Scientists and Technologists,19-2099.01
713,Remote Sensing Technician,,,,,,,Remote Sensing Technicians,19-4099.03
714,Reservation and Transportation Ticket Agent Travel Clerk,,,,,,,Reservation and Transportation Ticket Agents and Travel Clerks,43-4181.00
715,Residential Advisor,,,,,,,Residential Advisors,39-9041.00
716,Respiratory Therapist,,,,,,,Respiratory Therapists,29-1126.00
717,Retail Loss Prevention Specialist,,,,,,,Retail Loss Prevention Specialists,33-9099.02
718,Retail Salesperson,,,,,,,Retail Salespersons,41-2031.00
719,Rigger,,,,,,,Riggers,49-9096.00
720,Robotics Engineer,,,,,,,Robotics Engineers,17-2199.08
721,Robotics Technician,,,,,,,Robotics Technicians,17-3024.01
722,Rock Splitter,Quarry,,,,,,"Rock Splitters, Quarry",47-5051.00
723,Rolling Machine Setter,Operator,Tender,Metal and Plastic,,,,"Rolling Machine Setters, Operators, and Tenders, Metal and Plastic",51-4023.00
724,Roof Bolter,Mining,,,,,,"Roof Bolters, Mining",47-5043.00
725,Roofer,,,,,,,Roofers,47-2181.00
726,Rotary Drill Operator,Oil and Ga,,,,,,"Rotary Drill Operators, Oil and Gas",47-5012.00
727,Roustabout,Oil and Ga,,,,,,"Roustabouts, Oil and Gas",47-5071.00
728,Sailor Marine Oiler,,,,,,,Sailors and Marine Oilers,53-5011.00
729,Sales Engineer,,,,,,,Sales Engineers,41-9031.00
730,Sales Manager,,,,,,,Sales Managers,11-2022.00
731,Sales Representative,Wholesale and Manufacturing,Except Technical and Scientific Product,,,,,"Sales Representatives, Wholesale and Manufacturing, Except Technical and Scientific Products",41-4012.00
732,Sales Representative,Wholesale and Manufacturing,Technical and Scientific Product,,,,,"Sales Representatives, Wholesale and Manufacturing, Technical and Scientific Products",41-4011.00
733,Sawing Machine Setter,Operator,Tender,Wood,,,,"Sawing Machine Setters, Operators, and Tenders, Wood",51-7041.00
734,School Psychologist,,,,,,,School Psychologists,19-3034.00
735,Search Marketing Strategist,,,,,,,Search Marketing Strategists,13-1161.01
736,Secondary School Teacher,Except Special and Career/Technical Education,,,,,,"Secondary School Teachers, Except Special and Career/Technical Education",25-2031.00
737,Secretarie Administrative Assistant,Except Legal,Medical,Executive,,,,"Secretaries and Administrative Assistants, Except Legal, Medical, and Executive",43-6014.00
738,Security,Commodity,Financial Services Sales Agent,,,,,"Securities, Commodities, and Financial Services Sales Agents",41-3031.00
739,Security Guard,,,,,,,Security Guards,33-9032.00
740,Security and Fire Alarm Systems Installer,,,,,,,Security and Fire Alarm Systems Installers,49-2098.00
741,Segmental Paver,,,,,,,Segmental Pavers,47-4091.00
742,Self-Enrichment Teacher,,,,,,,Self-Enrichment Teachers,25-3021.00
743,Semiconductor Processing Technician,,,,,,,Semiconductor Processing Technicians,51-9141.00
744,Separating,Filtering,Clarifying,Precipitating,Still Machine Setter,Operator,Tender,"Separating, Filtering, Clarifying, Precipitating, and Still Machine Setters, Operators, and Tenders",51-9012.00
745,Septic Tank Servicer Sewer Pipe Cleaner,,,,,,,Septic Tank Servicers and Sewer Pipe Cleaners,47-4071.00
746,Service Unit Operator,Oil and Ga,,,,,,"Service Unit Operators, Oil and Gas",47-5013.00
747,Set and Exhibit Designer,,,,,,,Set and Exhibit Designers,27-1027.00
748,Sewer,Hand,,,,,,"Sewers, Hand",51-6051.00
749,Sewing Machine Operator,,,,,,,Sewing Machine Operators,51-6031.00
750,Shampooer,,,,,,,Shampooers,39-5093.00
751,Sheet Metal Worker,,,,,,,Sheet Metal Workers,47-2211.00
752,Ship Engineer,,,,,,,Ship Engineers,53-5031.00
753,Shipping,Receiving,Inventory Clerk,,,,,"Shipping, Receiving, and Inventory Clerks",43-5071.00
754,Shoe Machine Operator Tender,,,,,,,Shoe Machine Operators and Tenders,51-6042.00
755,Shoe and Leather Worker Repairer,,,,,,,Shoe and Leather Workers and Repairers,51-6041.00
756,Signal and Track Switch Repairer,,,,,,,Signal and Track Switch Repairers,49-9097.00
757,Skincare Specialist,,,,,,,Skincare Specialists,39-5094.00
758,Slaughterer Meat Packer,,,,,,,Slaughterers and Meat Packers,51-3023.00
759,Social Science Research Assistant,,,,,,,Social Science Research Assistants,19-4061.00
760,Social Work Teacher,Postsecondary,,,,,,"Social Work Teachers, Postsecondary",25-1113.00
761,Social and Community Service Manager,,,,,,,Social and Community Service Managers,11-9151.00
762,Social and Human Service Assistant,,,,,,,Social and Human Service Assistants,21-1093.00
763,Sociologist,,,,,,,Sociologists,19-3041.00
764,Sociology Teacher,Postsecondary,,,,,,"Sociology Teachers, Postsecondary",25-1067.00
765,Software Quality Assurance Analyst Tester,,,,,,,Software Quality Assurance Analysts and Testers,15-1253.00
766,Soil and Plant Scientist,,,,,,,Soil and Plant Scientists,19-1013.00
767,Solar Energy Installation Manager,,,,,,,Solar Energy Installation Managers,47-1011.03
768,Solar Energy Systems Engineer,,,,,,,Solar Energy Systems Engineers,17-2199.11
769,Solar Photovoltaic Installer,,,,,,,Solar Photovoltaic Installers,47-2231.00
770,Solar Sales Representative Assessor,,,,,,,Solar Sales Representatives and Assessors,41-4011.07
771,Solar Thermal Installer Technician,,,,,,,Solar Thermal Installers and Technicians,47-2152.04
772,Sound Engineering Technician,,,,,,,Sound Engineering Technicians,27-4014.00
773,Spa Manager,,,,,,,Spa Managers,11-9179.02
774,Special Education Teacher,Middle School,,,,,,"Special Education Teachers, Middle School",25-2057.00
775,Special Education Teacher,Preschool,,,,,,"Special Education Teachers, Preschool",25-2051.00
776,Special Education Teacher,Secondary School,,,,,,"Special Education Teachers, Secondary School",25-2058.00
777,Special Effects Artist Animator,,,,,,,Special Effects Artists and Animators,27-1014.00
778,Speech-Language Pathologist,,,,,,,Speech-Language Pathologists,29-1127.00
779,Speech-Language Pathology Assistant,,,,,,,Speech-Language Pathology Assistants,31-9099.01
780,Sports Medicine Physician,,,,,,,Sports Medicine Physicians,29-1229.06
781,Stationary Engineer Boiler Operator,,,,,,,Stationary Engineers and Boiler Operators,51-8021.00
782,Statistical Assistant,,,,,,,Statistical Assistants,43-9111.00
783,Statistician,,,,,,,Statisticians,15-2041.00
784,Stocker Order Filler,,,,,,,Stockers and Order Fillers,53-7065.00
785,Stone Cutter Carver,Manufacturing,,,,,,"Stone Cutters and Carvers, Manufacturing",51-9195.03
786,Stonemason,,,,,,,Stonemasons,47-2022.00
787,Structural Iron and Steel Worker,,,,,,,Structural Iron and Steel Workers,47-2221.00
788,Structural Metal Fabricator Fitter,,,,,,,Structural Metal Fabricators and Fitters,51-2041.00
789,Substance Abuse and Behavioral Disorder Counselor,,,,,,,Substance Abuse and Behavioral Disorder Counselors,21-1011.00
790,Subway and Streetcar Operator,,,,,,,Subway and Streetcar Operators,53-4041.00
791,Supply Chain Manager,,,,,,,Supply Chain Managers,11-3071.04
792,Surgical Assistant,,,,,,,Surgical Assistants,29-9093.00
793,Surgical Technologist,,,,,,,Surgical Technologists,29-2055.00
794,Survey Researcher,,,,,,,Survey Researchers,19-3022.00
795,Surveying and Mapping Technician,,,,,,,Surveying and Mapping Technicians,17-3031.00
796,Surveyor,,,,,,,Surveyors,17-1022.00
797,Sustainability Specialist,,,,,,,Sustainability Specialists,13-1199.05
798,Switchboard Operator,Including Answering Service,,,,,,"Switchboard Operators, Including Answering Service",43-2011.00
799,Tailor,Dressmaker,Custom Sewer,,,,,"Tailors, Dressmakers, and Custom Sewers",51-6052.00
800,Talent Director,,,,,,,Talent Directors,27-2012.04
801,Tank Car,Truck,Ship Loader,,,,,"Tank Car, Truck, and Ship Loaders",53-7121.00
802,Taper,,,,,,,Tapers,47-2082.00
803,Tax Examiner Collector,Revenue Agent,,,,,,"Tax Examiners and Collectors, and Revenue Agents",13-2081.00
804,Tax Preparer,,,,,,,Tax Preparers,13-2082.00
805,Teaching Assistant,Postsecondary,,,,,,"Teaching Assistants, Postsecondary",25-9044.00
806,Team Assembler,,,,,,,Team Assemblers,51-2092.00
807,Technical Writer,,,,,,,Technical Writers,27-3042.00
808,Telecommunications Engineering Specialist,,,,,,,Telecommunications Engineering Specialists,15-1241.01
809,Telecommunications Equipment Installer Repairer,Except Line Installer,,,,,,"Telecommunications Equipment Installers and Repairers, Except Line Installers",49-2022.00
810,Telecommunications Line Installer Repairer,,,,,,,Telecommunications Line Installers and Repairers,49-9052.00
811,Telemarketer,,,,,,,Telemarketers,41-9041.00
812,Telephone Operator,,,,,,,Telephone Operators,43-2021.00
813,Teller,,,,,,,Tellers,43-3071.00
814,Terrazzo Worker Finisher,,,,,,,Terrazzo Workers and Finishers,47-2053.00
815,Textile Bleaching and Dyeing Machine Operator Tender,,,,,,,Textile Bleaching and Dyeing Machine Operators and Tenders,51-6061.00
816,Textile Cutting Machine Setter,Operator,Tender,,,,,"Textile Cutting Machine Setters, Operators, and Tenders",51-6062.00
817,Textile Knitting and Weaving Machine Setter,Operator,Tender,,,,,"Textile Knitting and Weaving Machine Setters, Operators, and Tenders",51-6063.00
818,Textile Winding,Twisting,Drawing Out Machine Setter,Operator,Tender,,,"Textile Winding, Twisting, and Drawing Out Machine Setters, Operators, and Tenders",51-6064.00
819,Tile and Stone Setter,,,,,,,Tile and Stone Setters,47-2044.00
820,Timing Device Assembler Adjuster,,,,,,,Timing Device Assemblers and Adjusters,51-2061.00
821,Tire Builder,,,,,,,Tire Builders,51-9197.00
822,Tire Repairer Changer,,,,,,,Tire Repairers and Changers,49-3093.00
823,Title Examiner,Abstractor,Searcher,,,,,"Title Examiners, Abstractors, and Searchers",23-2093.00
824,Tool Grinder,Filer,Sharpener,,,,,"Tool Grinders, Filers, and Sharpeners",51-4194.00
825,Tool and Die Maker,,,,,,,Tool and Die Makers,51-4111.00
826,Tour Guide Escort,,,,,,,Tour Guides and Escorts,39-7011.00
827,Traffic Technician,,,,,,,Traffic Technicians,53-6041.00
828,Training and Development Manager,,,,,,,Training and Development Managers,11-3131.00
829,Training and Development Specialist,,,,,,,Training and Development Specialists,13-1151.00
830,Transit and Railroad Police,,,,,,,Transit and Railroad Police,33-3052.00
831,Transportation Engineer,,,,,,,Transportation Engineers,17-2051.01
832,Transportation Inspector,,,,,,,Transportation Inspectors,53-6051.00
833,Transportation Planner,,,,,,,Transportation Planners,19-3099.01
834,Transportation Security Screener,,,,,,,Transportation Security Screeners,33-9093.00
835,Transportation Vehicle,Equipment and Systems Inspector,Except Aviation,,,,,"Transportation Vehicle, Equipment and Systems Inspectors, Except Aviation",53-6051.07
836,Transportation,Storage,Distribution Manager,,,,,"Transportation, Storage, and Distribution Managers",11-3071.00
837,Travel Agent,,,,,,,Travel Agents,41-3041.00
838,Travel Guide,,,,,,,Travel Guides,39-7012.00
839,Treasurer Controller,,,,,,,Treasurers and Controllers,11-3031.01
840,Tree Trimmer Pruner,,,,,,,Tree Trimmers and Pruners,37-3013.00
841,Tutor,,,,,,,Tutors,25-3041.00
842,Umpire,Referee,Other Sports Official,,,,,"Umpires, Referees, and Other Sports Officials",27-2023.00
843,Upholsterer,,,,,,,Upholsterers,51-6093.00
844,Urban and Regional Planner,,,,,,,Urban and Regional Planners,19-3051.00
845,Urologist,,,,,,,Urologists,29-1229.03
846,Usher,Lobby Attendant,Ticket Taker,,,,,"Ushers, Lobby Attendants, and Ticket Takers",39-3031.00
847,Validation Engineer,,,,,,,Validation Engineers,17-2112.02
848,Veterinarian,,,,,,,Veterinarians,29-1131.00
849,Veterinary Assistant Laboratory Animal Caretaker,,,,,,,Veterinary Assistants and Laboratory Animal Caretakers,31-9096.00
850,Veterinary Technologist Technician,,,,,,,Veterinary Technologists and Technicians,29-2056.00
851,Video Game Designer,,,,,,,Video Game Designers,15-1255.01
852,Waiter Waitresse,,,,,,,Waiters and Waitresses,35-3031.00
853,Watch and Clock Repairer,,,,,,,Watch and Clock Repairers,49-9064.00
854,Water Resource Specialist,,,,,,,Water Resource Specialists,11-9121.02
855,Water and Wastewater Treatment Plant and System Operator,,,,,,,Water and Wastewater Treatment Plant and System Operators,51-8031.00
856,Water/Wastewater Engineer,,,,,,,Water/Wastewater Engineers,17-2051.02
857,Weatherization Installer Technician,,,,,,,Weatherization Installers and Technicians,47-4099.03
858,Web Administrator,,,,,,,Web Administrators,15-1299.01
859,Web Developer,,,,,,,Web Developers,15-1254.00
860,Weigher,Measurer,Checker,Sampler,Recordkeeping,,,"Weighers, Measurers, Checkers, and Samplers, Recordkeeping",43-5111.00
861,Welder,Cutter,Solderer,Brazer,,,,"Welders, Cutters, Solderers, and Brazers",51-4121.00
862,Welding,Soldering,Brazing Machine Setter,Operator,Tender,,,"Welding, Soldering, and Brazing Machine Setters, Operators, and Tenders",51-4122.00
863,Wellhead Pumper,,,,,,,Wellhead Pumpers,53-7073.00
864,Wholesale and Retail Buyer,Except Farm Product,,,,,,"Wholesale and Retail Buyers, Except Farm Products",13-1022.00
865,Wind Energy Development Manager,,,,,,,Wind Energy Development Managers,11-9199.10
866,Wind Energy Engineer,,,,,,,Wind Energy Engineers,17-2199.10
867,Wind Energy Operations Manager,,,,,,,Wind Energy Operations Managers,11-9199.09
868,Wind Turbine Service Technician,,,,,,,Wind Turbine Service Technicians,49-9081.00
869,Woodworking Machine Setter,Operator,Tender,Except Sawing,,,,"Woodworking Machine Setters, Operators, and Tenders, Except Sawing",51-7042.00
870,Word Processor Typist,,,,,,,Word Processors and Typists,43-9022.00
871,Writer Author,,,,,,,Writers and Authors,27-3043.00
872,Zoologist Wildlife Biologist,,,,,,,Zoologists and Wildlife Biologists,19-1023.00
